user_id,name
1,Katrina Henry
2,Nancy Robinson
3,Robin Hodge
4,Christopher Scott
5,Heidi Edwards
6,Zachary Guzman
7,Danny Rodriguez
8,Andrew Vasquez
9,Stephen Palmer
10,Kathleen Smith
11,Crystal Brown
12,Jason Sanchez
13,Bethany Shepard
14,Darren Ramirez
15,Randy Dean
16,Chase Martin
17,Ashley Mcdonald
18,Austin Ross
19,Courtney Zimmerman
20,Daniel Gray
21,Brian Banks
22,Carrie Rosario
23,Nicholas Lewis
24,Eduardo Henry
25,Erica Moore
26,Linda Gray
27,Ronald Edwards
28,Patricia Hernandez
29,Bruce Rogers
30,Alisha Allen
31,Timothy Fox
32,Beth Norman
33,Louis Murphy
34,John Davis
35,Mallory Perez
36,Daniel Ward
37,Steven Fitzpatrick
38,Sarah Miller
39,Justin Klein
40,Mary Collier
41,Mark Ward
42,Edwin Keith
43,Alicia Anderson
44,Brian Martin
45,Shirley Beasley
46,Haley Taylor
47,Mary Ward
48,Laurie Jones
49,Lawrence Fisher
50,Natalie Leblanc
51,Gary Moore
52,Willie Reyes
53,Daniel Howell
54,Kimberly Torres
55,Sean Jones
56,Charles Baker
57,Taylor Andrews
58,Rachel Clark
59,Debra Alvarez
60,Jonathan Stone
61,Christopher Williamson
62,Eric Williams
63,Erin Mccormick
64,Jonathan Thomas
65,Jessica Roberts
66,Denise Patterson
67,Susan Noble
68,Tracy Houston
69,Sheri Curry
70,Louis Delgado
71,Michael Garcia
72,James Lopez
73,Renee Kelly
74,Walter Sparks
75,Julie Park
76,Adam Huffman
77,Brent Lin
78,Adam Wright
79,Christina Barton
80,Regina Mack
81,Brian Bell
82,Amanda Nicholson
83,Christine Moore
84,Jacqueline Harris
85,Kimberly Mercer
86,Adam Cooper
87,David Nichols
88,James Black
89,Alexis Daniel
90,Allison Robinson
91,Joseph Brooks DVM
92,Ronald Dean
93,Daniel Brown
94,Tiffany Bradley
95,John Hanson
96,Michael Huffman
97,Lisa Hines
98,Jonathan Obrien
99,Dr. Lisa Davis DVM
100,Margaret Cook
101,Shannon Curry
102,Candice Parrish
103,Kimberly Gonzalez
